t,s_q,s_a,p_q,p_a,U
0.0,150.0,-0.8,0.0,0.0,250.32399999999998
0.016722408026755852,149.99860259868728,-0.7999496935527403,-0.16708276695330346,0.006014979610318921,250.31000807207798
0.033444816053511704,149.99441356330445,-0.7997988882789587,-0.333877042393479,0.012019573526165232,250.268066357697
0.05016722408026755,149.98743779985634,-0.7995477607948257,-0.5003739734118131,0.018013463042825247,250.1982309937888
0.06688963210702341,149.9776803542398,-0.7991964927526303,-0.6665647529182728,0.023996331105057396,250.10056416100997
0.08361204013377926,149.9651464194508,-0.7987452711002272,-0.8324406055783559,0.029967861800819364,249.9751341267463
0.1003344481605351,149.9498413351548,-0.7981942880655704,-0.9979927881691053,0.03592774037408555,249.82201521047693
0.11705685618729096,149.93177058686422,-0.7975437411271104,-1.1632125902153563,0.04187565324775007,249.6412877440504
0.13377926421404682,149.91093980526918,-0.7967938329896883,-1.3280913345245398,0.04781128804287928,249.43303803234735
0.15050167224080266,149.88735476593072,-0.7959447715735037,-1.4926203774917144,0.05373433358969632,249.19735831643735
0.16722408026755853,149.8610213886635,-0.7949967699918842,-1.65679110949607,0.05964447994185305,248.9343467325039
0.18394648829431437,149.83194573710213,-0.7939500465356751,-1.8205949550909801,0.06554141838326971,248.64410727149567
0.2006688963210702,149.80013401793568,-0.7928048246456835,-1.9840233738240243,0.07142484145765918,248.3267497343627
0.21739130434782608,149.765592580384,-0.7915613328938225,-2.1470678605188382,0.0772944429786725,247.98238968862927
0.23411371237458192,149.72832791553628,-0.7902198049593051,-2.30971994555697,0.08314991804004523,247.61114842251737
0.2508361204013378,149.6883466558737,-0.7887804796114514,-2.471971195453234,0.08899096303631072,247.21315289985128
0.26755852842809363,149.64565557464985,-0.787243600687394,-2.633813213237168,0.09481727567653236,246.788535712496
0.2842809364548495,149.600261585101,-0.7856094170636351,-2.7952376387876794,0.10062855499635079,246.33743503007537
0.3010033444816053,149.55217174000614,-0.7838781826402202,-2.9562361493080522,0.10642450137508422,245.8599945521564
0.3177257525083612,149.50139323107373,-0.7820501563186538,-3.1168004597341925,0.11220481655042527,245.35636345770283
0.33444816053511706,149.4479333881626,-0.7801256019738538,-3.2769223230776117,0.11796920363078837,244.82669635189683
0.3511705685618729,149.39179967869333,-0.7781047884329597,-3.4365935308434694,0.12371736711035927,244.27115321388192
0.36789297658862874,149.33299970712943,-0.7759879894566587,-3.5958059134761036,0.1294490128851341,243.6898993442327
0.3846153846153846,149.27154121331822,-0.7737754836794554,-3.7545513403146638,0.13516384825132227,243.08310530022177
0.4013377926421404,149.20743207269695,-0.77146755461709,-3.9128217203583127,0.14086158193289366,242.45094684861454
0.4180602006688963,149.14068029631744,-0.769064490667428,-4.070609002952747,0.14654192410629324,241.79360491570216
0.43478260869565216,149.07129402962138,-0.7665665850663697,-4.227905177933005,0.15220458640558251,241.1112655241029
0.451505016722408,148.99928155179322,-0.7639741358645559,-4.384702276018064,0.1578492819366446,240.40411973439024
0.46822742474916385,148.92465127510596,-0.7612874459038153,-4.540992369202561,0.1634757252912864,239.6723635857826
0.4849498327759197,148.84741174425977,-0.7585068227933519,-4.696767571145668,0.16908363256123815,238.91619803590584
0.5016722408026756,148.7675716357132,-0.755632578885676,-4.852020037557118,0.17467272135205025,238.13582889964647
0.5183946488294314,148.68513975700762,-0.7526650312522747,-5.006741966580367,0.18024271079688714,237.33146678711384
0.5351170568561873,148.600125046084,-0.749604501659025,-5.160925599172911,0.1857933215702186,236.50332704072272
0.5518394648829431,148.512536570593,-0.746451316541349,-5.31456321948374,0.19132427590140838,235.65162967141725
0.568561872909699,148.42238352719744,-0.7432058069791083,-5.467647155227947,0.1968352975881998,234.77659929404876
0.5852842809364548,148.3296752396311,-0.7398683086267197,-5.620169777454071,0.20232611198834022,233.8784650499574
0.6020066889632106,148.23442115388372,-0.7364391615398147,-5.77212349890771,0.2077964459606712,232.95746050119538
0.6187290969899665,148.1366308460373,-0.7329187104573435,-5.9235007785784495,0.2132460280288177,232.01382364647222
0.6354515050167224,148.03631401847056,-0.729307304664941,-6.074294120563057,0.21867458834026338,231.04779682350792
0.6521739130434783,147.9334804984932,-0.725605297945756,-6.2244960741166615,0.2240818586681929,230.05962663437265
0.6688963210702341,147.8281402375654,-0.7218130485523547,-6.374099233990663,0.22946757242365662,229.04956387583886
0.68561872909699,147.72030331050874,-0.7179309191783143,-6.523096240767085,0.23483146466760746,228.017863469002
0.7023411371237458,147.6099799147085,-0.7139592769295061,-6.671479781189394,0.24017327212281012,226.96478438819202
0.7190635451505016,147.4971803693075,-0.7098984932950699,-6.81924258848974,0.24549273318562215,225.89058958919023
0.7357859531772575,147.38191511439106,-0.7057489441180779,-6.966377442712675,0.2507895879376474,224.79554593677204
0.7525083612040133,147.2641947101636,-0.7015110095658886,-7.112877171035301,0.25606357815726155,223.679924131593
0.7692307692307692,147.14402983611646,-0.6971850741001917,-7.258734648083874,0.26131444733100995,222.54399863643872
0.785953177257525,147.02143129020516,-0.6927715264473849,-7.403942796248485,0.26654194066493586,221.38804760202362
0.8026755852842808,146.89640999196814,-0.6882707597108524,-7.5484945863546695,0.2717458051087585,220.21235282928643
0.8193979933110368,146.76897697837137,-0.6836831712213692,-7.692383037668449,0.2769257893560545,219.01719966244852
0.8361204013377926,146.6391434002348,-0.6790091624084519,-7.835601217951694,0.28208164384625123,217.80287688751156
0.8528428093645485,146.50692052379404,-0.674249138856585,-7.9781422439833625,0.28721312078339123,216.5696766785457
0.8695652173913043,146.37231972985208,-0.6694035102746749,-8.119999281858009,0.2923199741468783,215.31789452077462
0.8862876254180602,146.2353525129233,-0.6644726904652385,-8.261165547280857,0.2974019597021007,214.04782913315876
0.903010033444816,146.09603048037022,-0.659457097293328,-8.401634305859439,0.30245883501092946,212.75978239049775
0.9197324414715718,145.95436535153314,-0.6543571526551932,-8.541398873391804,0.3074903594420944,211.45405924507315
0.9364548494983277,145.81036895685216,-0.6491732824466782,-8.680452616151289,0.31249629418143565,210.130967647846
0.9531772575250835,145.66405323698208,-0.6439059165313549,-8.818788951167852,0.3174764022420318,208.79081846923407
0.9698996655518394,145.51543024189982,-0.6385554887083935,-8.956401346505977,0.32243044847420416,207.43392541948253
0.9866220735785953,145.36451213000464,-0.6331224366801675,-9.093283321539145,0.32735819957539813,206.06060496865263
1.0033444816053512,145.21131116869043,-0.6276072020728558,-9.229428447449134,0.3322594241081577,204.67117627963916
1.020066889632107,145.05583973843923,-0.622010230583813,-9.364830348266409,0.33713389253757964,203.26596117240385
1.0367892976588629,144.89811032152969,-0.6163319715750697,-9.49948269953417,0.341981377183219,201.84528394865865
1.0535117056856187,144.73813550480114,-0.6105728781728416,-9.633379229138969,0.3468016522489918,200.4094713441854
1.0702341137123745,144.575927979496,-0.604733407261857,-9.7665137176882,0.3515944938367641,198.95885245415957
1.0869565217391304,144.41150054036459,-0.5988140194531267,-9.898879998771445,0.35635967995576096,197.49375865156037
1.1036789297658862,144.24486608476417,-0.5928151790515116,-10.030471959218652,0.3610969905318604,196.01452350533316
1.120401337792642,144.0760376117524,-0.5867373540230888,-10.161283539355146,0.3658062074167742,194.52148269832657
1.137123745819398,143.9050282211754,-0.5805810159623164,-10.291308733253478,0.3704871143971141,193.0149739450229
1.1538461538461537,143.73185111274984,-0.5743466400589965,-10.420541588982092,0.3751394972033442,191.49533690907845
1.1705685618729096,143.55651958513982,-0.5680347050650361,-10.548976208850837,0.3797631435186191,189.96291312069576
1.1872909698996654,143.37904703502792,-0.5616456932610072,-10.676606749653311,0.3843578429875082,188.41804589384458
1.2040133779264213,143.1994469561902,-0.555180090422849,-10.80342742290457,0.3889233872245535,186.86108024343386
1.220735785953177,143.01773294089287,-0.5486383858721453,-10.929432494721732,0.3934595698099713,185.29236282241763
1.237458193979933,142.83391867703196,-0.5420210723731532,-11.054616286348017,0.39796618630851766,183.71224182182303
1.254180602006689,142.64801794554475,-0.5353286460396143,-11.178973174631444,0.402443034286721,182.12106687348572
1.2709030100334449,142.46004462090607,-0.528561606352622,-11.30249759203029,0.40688991331307955,180.51918897937503
1.2876254180602007,142.27001267018662,-0.5217204561267218,-11.425184026833266,0.4113066249659867,178.9069604284332
1.3043478260869565,142.07793615210647,-0.5148057014758369,-11.547027023376383,0.41569297284153894,177.28473471339728
1.3210702341137124,141.88382921608377,-0.5078178517790191,-11.66802118225656,0.4200487625612253,175.6528664476216
1.3377926421404682,141.6877061012784,-0.5007574196460254,-11.788161160541925,0.42437380177949846,174.01171128191865
1.354515050167224,141.489581135631,-0.49362492088272036,-11.90744167197886,0.4286679001912282,172.36162582143896
1.37123745819398,141.2894687348972,-0.48642087445630355,-12.02585748719574,0.4329308695390359,170.70296754260738
1.3879598662207357,141.08738340167665,-0.47914580246036326,-12.143403433903401,0.4371625236205118,169.03609471013098
1.4046822742474916,140.88333972443752,-0.4718002300797548,-12.260074397092325,0.441362678295313,167.3613662941034
1.4214046822742474,140.67735237712068,-0.464384685576349,-12.37586531911599,0.4455311514881649,165.67914189197964
1.4381270903010033,140.46943612017324,-0.4568997003262418,-12.49077119949972,0.44966776318197926,163.98978166215934
1.4548494983277591,140.25960579540657,-0.44934580863464174,-12.604787095913155,0.45377233545286294,162.29364620745412
1.471571906354515,140.0478763264691,-0.44172354775289235,-12.717908124076722,0.45784469246675136,160.59109650483092
1.4882943143812708,139.83426271816325,-0.4340334578538821,-12.830129457882514,0.46188466048375987,158.88249382578948
1.5050167224080266,139.6187800554603,-0.42627608199657624,-12.941446329568091,0.46589206786444076,157.1681996545014
1.5217391304347825,139.40144350251092,-0.4184519660903985,-13.051854029886892,0.46986674507591764,155.44857560616651
1.5384615384615383,139.18226830165162,-0.41056165885946355,-13.161347908275204,0.47380852469789686,153.72398334560577
1.5551839464882942,138.96126977240706,-0.40260571180665994,-13.26992337301574,0.47771724142855615,151.9947845061073
1.57190635451505,138.73846331048827,-0.39458467917758344,-13.377575891397797,0.4815927320903103,150.26134060854426
1.5886287625418059,138.5138643867865,-0.3864991179243205,-13.484300989873995,0.4854348356354535,148.5240129807787
1.6053511705685617,138.28748854636325,-0.37834958766908316,-13.590094254213616,0.4892433931516798,146.78316267737247
1.6220735785953178,138.0593514074439,-0.37013665066798784,-13.694951329651541,0.49301824786744514,145.03915039968055
1.6387959866220736,137.82946866260892,-0.3618608718539278,-13.798867920775681,0.4967592451479142,143.29233643295967
1.6555183946488294,137.59785607598664,-0.3535228187355264,-13.901839791879286,0.500466232507644,141.54308055314434
1.6722408026755853,137.36452948063726,-0.34512306130294934,-14.003862767287039,0.5041390596223232,139.791741935946
1.6889632107023411,137.1295047789133,-0.33666217204088644,-14.104932731328123,0.5077775783278022,138.03867908895097
1.705685618729097,136.8927979414443,-0.3281407258920019,-14.205045628466749,0.5113816426247928,136.28424977360086
1.7224080267558528,136.65442500611812,-0.31955930022026036,-14.304197463429182,0.5149511086834404,134.5288109275935
1.7391304347826086,136.41440207705895,-0.31091847477413015,-14.402384301327263,0.5184858348477714,132.77271858772195
1.7558528428093645,136.17274532360148,-0.30221883164966196,-14.499602267778455,0.5219856816400144,131.01632781316354
1.7725752508361203,135.9294709792621,-0.29346095525344434,-14.59584754902236,0.525450511764795,129.2599926092403
1.7892976588628762,135.6845953407063,-0.28464543226543565,-14.691116392033758,0.5288801901132053,127.50406585165979
1.806020066889632,135.43813476671286,-0.275772851601672,-14.785405104632146,0.5322745837667474,125.74889921125869
1.8227424749163879,135.1901056771345,-0.2668438043768514,-14.878710055587778,0.5356335620011502,123.99484307925827
1.8394648829431437,134.94052455257682,-0.25785888389277467,-14.971027674675538,0.5389569962883097,122.24224649810115
1.8561872909698995,134.68940793583099,-0.24881868568992457,-15.062354452606838,0.5422447602938366,120.49145710482219
1.8729096989966554,134.43677242557953,-0.23972380732087328,-15.152686941478793,0.5454967298932271,118.74282102095931
1.8896321070234112,134.18263467722323,-0.230574848380046,-15.242021754739518,0.5487127831706131,116.99668279339701
1.906354515050167,133.9270114022247,-0.22137241048009948,-15.330355567249677,0.551892800420979,115.25338532517672
1.923076923076923,133.66991936706643,-0.212117097214401,-15.417685115366348,0.5550366641531792,113.51326980421146
1.9397993311036787,133.4113753922054,-0.20280951411940423,-15.504007197023338,0.5581442590928308,111.77667563261248
1.9565217391304346,133.1513963510253,-0.1934502686369219,-15.589318671807971,0.5612154721850777,110.04394035664839
1.9732441471571907,132.8899991687857,-0.1840399700762957,-15.67361646103434,0.5642501925972271,108.31539959734617
1.9899665551839465,132.62720082156812,-0.17457922957646332,-15.756897547813013,0.5672483117212593,106.59138698174883
2.0066889632107023,132.36301833521975,-0.16506866006792173,-15.839158977117211,0.5702097231762104,104.87223407484424
2.023411371237458,132.09746878429382,-0.1555088762345883,-15.920397855845447,0.573134322810427,103.15827031217735
2.040133779264214,131.8305692909874,-0.14590049447555797,-16.00061135288063,0.5760220087036937,101.44982293315894
2.0568561872909696,131.56233702407633,-0.13624413286675915,-16.079796699145625,0.5788726811692335,99.74721691508535
2.0735785953177257,131.29278919953146,-0.1265404111831445,-16.15795118758459,0.5816862427530363,98.05077491843412
2.0903010033444813,131.02194308218805,-0.11678995095878132,-16.23507217309646,0.5844625982314635,96.36081723890773
2.1070234113712374,130.749815976821,-0.10699337516556806,-16.31115707290941,0.5872016546247298,94.67766169410163
2.123745819397993,130.47642523052798,-0.09715130829902009,-16.386203366477076,0.589903321193166,93.00162358252648
2.140468227424749,130.2017882319882,-0.08726437635158733,-16.460208595502248,0.5925675094380721,91.33301562339436
2.157190635451505,129.92592241040768,-0.0773332067746889,-16.533170363970026,0.5951941331029121,89.67214789521601
2.1739130434782608,129.6488452344628,-0.06735842844067443,-16.60508633817745,0.5977831081743795,88.01932777518915
2.190635451505017,129.37057421124172,-0.05734067160471424,-16.675954246759545,0.600334352883335,86.37485987938867
2.2073578595317724,129.09112688518357,-0.047280567866621645,-16.74577188071175,0.6028477877056145,84.73904600376814
2.2240802675585285,128.8105208370163,-0.03717875013260031,-16.81453709340885,0.6053233353627101,83.1121850659877
2.240802675585284,128.528773682692,-0.027035852576924965,-16.882247800620235,0.60776092082232,81.49457304807376
2.25752508361204,128.24590307232037,-0.01685251060354721,-16.94890198052169,0.6101604712987725,79.88650293992384
2.274247491638796,127.96192668910058,-0.0066293608076346,-17.01449767370353,0.6125219162533188,78.28826468366753
2.290969899665552,127.67686224825059,0.0036329590629652843,-17.079032983175196,0.6148451873942988,76.7001451188904
2.3076923076923075,127.39072749804559,0.01393381007034461,-17.142506074404807,0.6171302186785649,75.12242794031134
2.3244147157190636,127.1035402197846,0.024272552087740124,-17.204915175335607,0.6193769463120736,73.55539364980912
2.341137123745819,126.81531822055642,0.03464854405995493,-17.2662585762674,0.6215853087456183,71.99931947031908
2.3578595317725752,126.52607933537445,0.045061143926505426,-17.326534629905538,0.6237552466765913,70.45447931254182
2.374581939799331,126.23584142622421,0.05550970865591409,-17.38574175134993,0.6258867030485894,68.92114372524257
2.391304347826087,125.94462238100577,0.06599359428377775,-17.443878418078665,0.627979623050824,67.39957984589044
2.4080267558528425,125.65244011247532,0.07651215595087373,-17.500943169928046,0.6300339541174018,65.89005135222394
2.4247491638795986,125.35931255718535,0.08706474794131247,-17.556934609069064,0.6320496459264784,64.392818414747
2.441471571906354,125.06525767442382,0.09765072372072778,-17.611851399980313,0.6340266503992835,62.90813765016639
2.4581939799331103,124.77029344515198,0.10826943597451356,-17.665692269417374,0.6359649216990177,61.43626207577563
2.474916387959866,124.47443787094129,0.11892023664609844,-17.718456006378577,0.6378644162296212,59.97744106479569
2.491638795986622,124.17770897290883,0.1296024769752665,-17.77014146206728,0.6397250926344146,58.53192030267638
2.508361204013378,123.88012479065189,0.14031550753651648,-17.820747549850516,0.6415469117946111,57.09994174436893
2.5250836120401337,123.58170338118109,0.15105867827746536,-17.870273245214136,0.6433298368277014,55.681743572573545
2.5418060200668897,123.28246282080327,0.16183133845106623,-17.918717585872216,0.6450738330913925,54.277560170728954
2.5585284280936453,122.98242120324103,0.17263283668330712,-17.96607967167165,0.6467788681801723,52.88762207861177
2.5752508361204014,122.68159663362921,0.18346252118933254,-18.012358664272696,0.6484449119138099,51.51215593049625
2.591973244147157,122.38000723055073,0.19431973970015748,-18.057553787256072,0.6500719363412115,50.151384432133995
2.608695652173913,122.07767112500255,0.20520383949989174,-18.101664326062345,0.6516599157382373,48.80552632405172
2.6254180602006687,121.7746064593479,0.2161141674634593,-18.144689627927086,0.6532088266053682,47.474796345792655
2.6421404682274248,121.47083138626806,0.22705007009433337,-18.186629101812517,0.6547186476652438,46.15940520116948
2.6588628762541804,121.16636406771399,0.2380108935622799,-18.227482218335606,0.656189359860075,44.85955952453435
2.6755852842809364,120.8612226738574,0.24899598374111706,-18.2672485096927,0.6576209463489304,43.5754618480699
2.692307692307692,120.55542538204168,0.2600046862464829,-18.305927569580597,0.6590133925048949,42.30731057010604
2.709030100334448,120.24899037573233,0.27103634647361907,-18.343519053114147,0.6603666859121027,41.05529992446632
2.7257525083612038,119.94193584346722,0.282090309635163,-18.380022676740282,0.6616808163626436,39.81961995084825
2.74247491638796,119.63427997780632,0.2931659207989557,-18.415438218148594,0.6629557758533429,38.6004564662406
2.7591973244147154,119.32604097429063,0.30426252492551964,-18.44976551617933,0.6641915585824495,37.39799103741836
2.7759197324414715,119.01723703402654,0.31537946677502715,-18.4830044711123,0.6653881609600364,36.21240096828637
2.792642140468227,118.70788635968742,0.32651609105123514,-18.515155044254428,0.6665455815931531,35.04385926225916
2.809364548494983,118.39800715165049,0.3376717425405648,-18.546217257538192,0.6676638212713688,33.89253458728118
2.826086956521739,118.08761760937706,0.34884576606240786,-18.576191193672418,0.668742882972201,32.7585912619422
2.842809364548495,117.7767359303847,0.3600375065061327,-18.6050769960343,0.6697827718572288,31.64218923317094
2.859531772575251,117.4653803092198,0.37124630886806914,-18.632874868558027,0.670783495268083,30.543484054979462
2.8762541806020065,117.1535689364306,0.38247151828848003,-18.659585075619933,0.6717450627223117,29.462626868260188
2.8929765886287626,116.84131999754074,0.39371248008851534,-18.685207941920257,0.6726674859091235,28.399764381636597
2.9096989966555182,116.52865167202317,0.40496853980714737,-18.70974385236145,0.6735507786850065,27.355038853369365
2.9264214046822743,116.21558213227469,0.4162390432380927,-18.733193251923044,0.6743949570692239,26.328588074318578
2.94314381270903,115.90212954259077,0.42752333646671353,-18.755556645533126,0.6752000392391869,25.32054535196284
2.959866220735786,115.58831205814096,0.4388207659069068,-18.776834597936347,0.6759660455257029,24.331039495476006
2.9765886287625416,115.27414782394472,0.4501306783379713,-18.79702773355851,0.676692998408101,23.36019480186202
2.9933110367892977,114.95965497394229,0.4614524209380587,-18.81613673638191,0.6773809225097432,22.408131043430984
3.0100334448160533,114.64485163404737,0.4727853411742759,-18.834162350412868,0.6780298446148579,21.474963467974064
3.0267558528428093,114.32975591643786,0.48412878700821826,-18.851105378834887,0.6786397936380506,20.56080277330795
3.043478260869565,114.01438591753023,0.49548210696889283,-18.866966683709343,0.6792108006135311,19.66575509498583
3.060200668896321,113.69875971879144,0.5068446501234891,-18.88174718609734,0.6797428986994991,18.789922003229467
3.0769230769230766,113.38289538574155,0.518215766113285,-18.895447865907286,0.6802361231726572,17.933400495372425
3.0936454849498327,113.06681096695746,0.5295948051895123,-18.908069761739185,0.6806905114226056,17.096282989350453
3.1103678929765883,112.750524493078,0.5409811182491725,-18.919613970725585,0.6811061029461161,16.278657318238587
3.1270903010033444,112.43405397581023,0.5523740568708125,-18.93008164836925,0.6814829393412881,15.480606725832448
3.1438127090301,112.11741740693697,0.56377297335025,-18.93947400837749,0.6818210643015848,14.702209863271868
3.160535117056856,111.80063275732559,0.5751772207362594,-18.9477923224932,0.6821205236097505,13.943540786704709
3.1772575250836117,111.48371797593815,0.586586152866207,-18.955037920322564,0.6823813651316076,13.204668955988694
3.1939799331103678,111.1666909888426,0.5979991244016468,-18.961212189159465,0.6826036388097362,12.485659234428043
3.2107023411371234,110.84956969822541,0.6094154908638658,-18.966316573806576,0.6827873966570323,11.786571889542811
3.2274247491638794,110.53237198075307,0.6208346086928695,-18.97035257626177,0.6829326927454193,11.107462593491743
3.2441471571906355,110.21511569466827,0.6322558349919225,-18.97332175716029,0.683039583257766,10.448382442635552
3.260869565217391,109.89781866631725,0.643678528012559,-18.97522573307034,0.6831081263905279,9.809377934269747
3.277591973244147,109.58049869472296,0.6551020469899536,-18.976066177419966,0.6831383823871146,9.190490983757892
3.294314381270903,109.26317355039718,0.6665257521856812,-18.97584482025994,0.6831304135293537,8.59175892987333
3.311036789297659,108.94586097438683,0.6779490049220538,-18.97456344807027,0.6830842841305257,8.013214541648802
3.3277591973244145,108.62857867732171,0.689371167616398,-18.97222390356342,0.6830000605282792,7.4548860262238925
3.3444816053511706,108.31134433846371,0.7007916038152858,-18.968828085484294,0.6828778110774306,6.916797037686024
3.361204013377926,107.99417560475763,0.7122096782287048,-18.964377948406906,0.6827176061426448,6.398966686900724
3.3779264214046822,107.67709008988345,0.7236247567641755,-18.958875502527878,0.6825195180909999,5.901409552326034
3.394648829431438,107.3601053733104,0.7350362065608049,-18.952322813456657,0.6822836212844361,5.424135691806637
3.411371237458194,107.04323899935265,0.746443396023284,-18.944722002002532,0.6820099920720875,4.967150655342237
3.4280936454849495,106.72650847622674,0.7578456948558167,-18.936075243958406,0.6816987087824992,4.530455498825005
3.4448160535117056,106.40993127511085,0.7692424740959888,-18.92638476988143,0.681349851715728,4.114046798740555
3.4615384615384612,106.09352482981033,0.7806331061268071,-18.915652865025574,0.6809635031409174,3.7179166685642637
3.4782608695652173,105.77730654022798,0.7920169645517721,-18.903881870247528,0.6805397473289077,3.342052780279529
3.494983277591973,105.46129376371954,0.8033934245060756,-18.891074179798164,0.6800786704727306,2.986438371916938
3.511705685618729,105.14550381608908,0.8147618626207723,-18.877232241585602,0.6795803606970785,2.6510522688926965
3.5284280936454846,104.8299539717082,0.826121657018484,-18.862358557209593,0.6790449080595423,2.335868904697788
3.5451505016722407,104.5146614626097,0.8374721873460299,-18.846455681728905,0.6784724045422376,2.0408583411859196
3.5618729096989963,104.19964347758452,0.8488128348069363,-18.82952622342585,0.6778629440433277,1.7659862897737282
3.5785953177257523,103.8849171612819,0.8601429821938303,-18.81157284356798,0.6772166223684444,1.511214133545229
3.5953177257525084,103.57049961331303,0.8714620139207095,-18.79259825616694,0.676533537222007,1.2764989502533834
3.612040133779264,103.25640788735805,0.8827693160550889,-18.772605227734534,0.6758137881984405,1.061793536210592
3.62876254180602,102.9426589902766,0.8940642763500215,-18.751596577035976,0.6750574767732924,0.8670464310600935
3.6454849498327757,102.62926988122203,0.9053462842759857,-18.729575174840395,0.6742647062942516,0.6922019434201667
3.6622073578595318,102.31625747075925,0.9166147310526455,-18.706543943668557,0.6734355819720655,0.537200177392548
3.6789297658862874,102.00363861998638,0.927869009680469,-18.68250585753786,0.6725702108713605,0.40197705992653837
3.6956521739130435,101.69143013966007,0.9391085149722163,-18.657463941704588,0.6716687019013627,0.2864643690299375
3.712374581939799,101.379648789325,0.9503326435842788,-18.631421272403482,0.6707311658065231,0.19058976281792733
3.729096989966555,101.0683112764471,0.9615407940478827,-18.604380976584597,0.6697577151570433,0.11427680939065098
3.7458193979933108,100.75743425555108,0.9727323668001399,-18.576346231647477,0.6687484643393071,0.057445017530253384
3.762541806020067,100.4470343287841,0.9839067641637511,-18.547320265644476,0.667703529563199,0.020009868335113104
3.7792642140468224,100.13712804901888,0.9950633902352988,-18.517306358322163,0.6666230288995958,0.001882847194369433
3.7959866220735785,99.82773190967262,1.006201651251764,-18.486307837752616,0.6655070821590922,0.002971475542329029
3.812709030100334,99.51886234752432,1.0173209554891032,-18.454328081272017,0.6643558109257907,0.023179345612886468
3.82943143812709,99.21053574249393,1.028420713270197,-18.421370515407453,0.6631693385546664,0.062406155082239505
3.846153846153846,98.90276841683219,1.0395003369940194,-18.38743861560417,0.6619477901617484,0.12054774237235835
3.862876254180602,98.59557663431607,1.0505592411645996,-18.35253590595063,0.6606912926142211,0.19749612269461048
3.8795986622073575,98.28897659945028,1.0615968424197684,-18.31666595890146,0.6593999745204508,0.2931395248224815
3.8963210702341136,97.98298445667463,1.0726125595596916,-18.27983239499826,0.6580739662199357,0.4073624285821952
3.913043478260869,97.67761628957773,1.08360581357518,-18.24203888258839,0.6567133997731806,0.5400456030498288
3.9297658862876252,97.37288812011661,1.0945760276757799,-18.20328913754163,0.6553184089514973,0.6910661454435353
3.9464882943143813,97.06881590784297,1.1055226273176313,-18.163586922964864,0.6538891292267338,0.8602975206990419
3.963210702341137,96.76541554913553,1.116445040231099,-18.12293604891471,0.6524256977609283,1.047609601716866
3.979933110367893,96.46270287643912,1.1273426964481699,-18.081340372108194,0.6509282533958939,1.2528687102690739
3.9966555183946486,96.16069365751034,1.138215028329606,-18.03880379563148,0.6493969366427322,1.4759376585537516
4.013377926421405,95.85940359466981,1.149061470591865,-17.995330268646622,0.6478318896712774,1.7166757913848265
4.030100334448161,95.55884832406144,1.1598814603337662,-17.950923786096443,0.6462332562994709,1.9749390290050308
4.046822742474916,95.25904341491848,1.1706744370629127,-17.905588388407523,0.6446011819826699,2.250579910509457
4.063545150501672,94.96000436585783,1.1814398428290964,-17.85932816093606,0.6429358137936974,2.543447640873801
4.080267558528428,94.6617466019546,1.192177122329612,-17.81214723347816,0.6412373004052131,2.8533881388090108
4.096989966555184,94.36428548427718,1.2028857225659997,-17.764049780845458,0.6395057921104359,3.1802440719150082
4.113712374581939,94.06763630397624,1.2135650930568334,-17.715040022114728,0.6377414407961297,3.5238549070873013
4.130434782608695,93.77181428131294,1.224214685872712,-17.665122220298347,0.63594439993074,3.884056957181843
4.147157190635451,93.47683456493573,1.2348339556622918,-17.61430068203366,0.6341148245532114,4.260683427994924
4.1638795986622075,93.18271223116315,1.2454223596781047,-17.56257975727055,0.6322528712617396,4.653564465776247
4.180602006688963,92.88946228327298,1.255979357802151,-17.509963838957137,0.6303586982024567,5.062527205261835
4.197324414715719,92.59709965079745,1.2665044125712699,-17.456457362723715,0.6284324650580536,5.487395818214326
4.214046822742475,92.305639188825,1.2769969892022779,-17.40206480656492,0.626474333036337,5.927991562457277
4.230769230769231,92.01509567730824,1.2874565556168813,-17.346790690520123,0.6244844648587244,6.38413283139087
4.247491638795986,91.72548382037846,1.2978825824663534,-17.290639576352124,0.6224630247486765,6.855635203975552
4.264214046822742,91.4368182456666,1.3082745431559806,-17.233616067224094,0.6204101784200675,7.342311495170647
4.280936454849498,91.14911350363093,1.3186319138692648,-17.175724807374902,0.6183260930654967,7.843971806814437
4.297658862876254,90.86238406689131,1.3289541735918908,-17.116970481792702,0.6162109373445376,8.360423578932535
4.31438127090301,90.57664432957024,1.339240804135449,-17.057357815886945,0.6140648813719304,8.891471641461113
4.331103678929765,90.29190860664067,1.3494912901609135,-16.99689157515873,0.6118880967057146,9.436918266371574
4.3478260869565215,90.00819113328069,1.3597051192018734,-16.935576564869574,0.6096807563353052,9.996563220183067
4.364548494983278,89.7255060605913,1.369881781818691,-16.873417629324884,0.6074430346556964,10.570203824346748
4.381270903010034,89.44386745638893,1.3800207715699764,-16.81041965168953,0.6051751074608236,11.157635006510937
4.397993311036789,89.16328931030691,1.3901215848289292,-16.74658755425494,0.6028771519531785,11.758649342305798
4.414715719063545,88.88378552937088,1.4001837209426262,-16.681926297700752,0.6005493467172278,12.373037116753167
4.431438127090301,88.60536993735184,1.4102066822553119,-16.616440880752016,0.5981918717070734,13.00058637867722
4.448160535117057,88.32805627413681,1.4201899741310526,-16.55013633983605,0.5958049082340987,13.641082995407729
4.464882943143812,88.05185819510588,1.4301331049761665,-16.483017748737723,0.593388638954559,14.294310707785497
4.481605351170568,87.77678927051515,1.4400355862614327,-16.415090218253177,0.5909432478571154,14.960051185456997
4.498327759197324,87.50286298488628,1.449896932544072,-16.34635889584206,0.5884689202503153,15.63808408244381
4.51505016722408,87.23009273640199,1.4597166614895065,-16.276828965278195,0.5859658427500162,16.32818709297444
4.5317725752508355,86.95849183630808,1.4694942938928872,-16.206505646298794,0.5834342032667579,17.03013600756409
4.548494983277592,86.68807350832168,1.4792293537003975,-16.13539419425219,0.5808741909930801,17.743704769329522
4.565217391304348,86.4188508880461,1.488921368030319,-16.0634998997441,0.5782859963907891,18.4686655305243
4.581939799331104,86.1508370223919,1.49856986719387,-15.990828088282512,0.575669811178172,19.204788709282468
4.598662207357859,85.8840448690047,1.508174384715809,-15.917384119921072,0.5730258283171602,19.951843046555393
4.615384615384615,85.61848729569934,1.5177344573548022,-15.84317338890114,0.5703542420004427,20.70959566322938
4.632107023411371,85.35417707990075,1.5272496251235512,-15.768201323292478,0.5676552476385309,21.477812117409744
4.648829431438127,85.09112690806566,1.5367194313096149,-15.692473384633999,0.5649290418468258,22.25625646193491
4.665551839464883,84.82934937273318,1.5461434225815842,-15.61599506770892,0.562175822437523,23.04469130926204
4.682274247491638,84.56885697450991,1.5555211489176217,-15.538771900037371,0.5593957884013473,23.84287788200261
4.698996655518394,84.30966212263027,1.564852163585289,-15.460809441449406,0.5565891398921807,24.650576067273022
4.7157190635451505,84.05177713308798,1.574136023208811,-15.382113283795745,0.5537560782166489,25.467544478584145
4.7324414715719065,83.79521422810491,1.583372287788202,-15.302689050581295,0.5508968058209287,26.29354051391728
4.749163879598662,83.53998553560602,1.5925605207181617,-15.222542396597516,0.5480115262775128,27.128320413877276
4.765886287625418,83.28610308870093,1.6017002888067455,-15.141679007553556,0.5451004442719303,27.97163931990828
4.782608695652174,83.03357882517162,1.6107911622938005,-15.060104599706273,0.5421637655894281,28.823251332560115
4.79933110367893,82.7824245869668,1.6198327148691742,-14.977824919489068,0.5392016971016089,29.682909569790752
4.816053511705685,82.53265211970246,1.6288245236906904,-14.894845743139632,0.5362144467530292,30.550366225292976
4.832775919732441,82.28427307216904,1.637766169401893,-14.811172876326541,0.533202223547758,31.42537262683085
4.849498327759197,82.0372989958452,1.6466572361495515,-14.726812153774837,0.5301652375358967,32.30767929457283
4.866220735785953,81.7917413444179,1.6554973116009346,-14.641769438890485,0.5271036998000601,33.19703599940965
4.882943143812708,81.54761147330923,1.6642859869608464,-14.556050623383824,0.5240178224418204,34.093191821242165
4.8996655518394645,81.30492063920981,1.6730228569884258,-14.469661626891957,0.5209078185681133,34.995895207227214
4.916387959866221,81.0636799996188,1.6817075200137022,-14.38260839660021,0.5177739022776104,35.904894029968034
4.933110367892977,80.82390061239062,1.690339577953917,-14.294896906862522,0.5146162886470538,36.81993564563626
4.949832775919732,80.58559343523224,1.6989186363316182,-14.20653315884021,0.5114351937182506,37.74076695223091
4.966555183946488,80.3487693243443,1.7074443043235843,-14.117523180436182,0.5082308344957056,38.667134451155135
4.983277591973244,80.11343903532101,1.7159161947284232,-14.027873025454653,0.5050034289163706,39.59878429997687
5.0,79.87961322262005,1.7243339239856572,-13.937588773253498,0.5017531958371292,40.53546237048024
